{"feature_history": [[81, 1, 74, 1, 73, 1, 1, 0, 1, 0, 0, 0, 0, 0], [102, 1, 95, 1, 94, 1, 1, 0, 0, 0, 0, 0, 0, 0], [24, 1, 18, 1, 17, 1, 0, 0, 0, 1, 0, 0, 0, 0], [237, 7, 194, 7, 187, 1, 1, 0, 0, 1, 0, 0, 0, 0], [46, 1, 39, 1, 38, 1, 0, 0, 0, 0, 0, 0, 0, 0]], "prompt_history": [0, 1, 2, 3, 4], "score_history": [8.14, 8.24, 7.11, 8.05, 7.14], "is_trained": true, "scaler_mean": [98.0, 2.2, 84.0, 2.2, 81.8, 1.0, 0.6, 0.0, 0.2, 0.4, 0.0, 0.0, 0.0, 0.0, 2.0], "scaler_scale": [74.57345372181712, 2.4, 61.15880966794563, 2.4, 59.0098296896373, 1.0, 0.48989794855663565, 1.0, 0.4000000000000001, 0.48989794855663565, 1.0, 1.0, 1.0, 1.0, 1.4142135623730951]}